Process Count,Mean,Median
1,1.6654704937336646,1.655544000500413
2,0.9413110935334771,0.9364000215009582
3,0.7852415044667699,0.7809785625004224
4,0.6483048474664732,0.6460829579991696
5,0.5112483141665507,0.5065705839997463
6,0.5132944863999,0.5131830629998149
