Length,Mean,Median
3,0.04503117236672551,0.04465983350019087
4,0.04458879716679197,0.044407437499558
5,0.044371184800093035,0.04434356250021665
6,0.04466294593336594,0.04458641700011867
7,0.046070308299961955,0.046067895999385655
8,0.057892625033340056,0.057833978999951796
9,0.18221266526661567,0.18114566599979298
10,1.5604624465000598,1.5552982925000833
11,18.612630483533213,18.63701394599957
